pid	class_label
test_id_1	moderate
test_id_2	moderate
test_id_3	not depression
test_id_4	not depression
test_id_5	moderate
test_id_6	not depression
test_id_7	moderate
test_id_8	not depression
test_id_9	not depression
test_id_10	not depression
test_id_11	not depression
test_id_12	not depression
test_id_13	not depression
test_id_14	not depression
test_id_15	not depression
test_id_16	not depression
test_id_17	moderate
test_id_18	moderate
test_id_19	moderate
test_id_20	moderate
test_id_21	not depression
test_id_22	moderate
test_id_23	not depression
test_id_24	moderate
test_id_25	not depression
test_id_26	not depression
test_id_27	not depression
test_id_28	moderate
test_id_29	moderate
test_id_30	moderate
test_id_31	not depression
test_id_32	not depression
test_id_33	not depression
test_id_34	not depression
test_id_35	moderate
test_id_36	moderate
test_id_37	moderate
test_id_38	severe
test_id_39	not depression
test_id_40	not depression
test_id_41	moderate
test_id_42	not depression
test_id_43	moderate
test_id_44	not depression
test_id_45	moderate
test_id_46	not depression
test_id_47	moderate
test_id_48	moderate
test_id_49	not depression
test_id_50	moderate
test_id_51	moderate
test_id_52	moderate
test_id_53	not depression
test_id_54	moderate
test_id_55	moderate
test_id_56	moderate
test_id_57	moderate
test_id_58	not depression
test_id_59	not depression
test_id_60	not depression
test_id_61	moderate
test_id_62	not depression
test_id_63	not depression
test_id_64	not depression
test_id_65	moderate
test_id_66	moderate
test_id_67	moderate
test_id_68	not depression
test_id_69	moderate
test_id_70	moderate
test_id_71	moderate
test_id_72	moderate
test_id_73	moderate
test_id_74	not depression
test_id_75	not depression
test_id_76	not depression
test_id_77	not depression
test_id_78	not depression
test_id_79	moderate
test_id_80	moderate
test_id_81	not depression
test_id_82	moderate
test_id_83	moderate
test_id_84	moderate
test_id_85	not depression
test_id_86	not depression
test_id_87	severe
test_id_88	moderate
test_id_89	moderate
test_id_90	moderate
test_id_91	not depression
test_id_92	not depression
test_id_93	moderate
test_id_94	moderate
test_id_95	moderate
test_id_96	moderate
test_id_97	moderate
test_id_98	moderate
test_id_99	moderate
test_id_100	moderate
test_id_101	moderate
test_id_102	not depression
test_id_103	severe
test_id_104	not depression
test_id_105	moderate
test_id_106	not depression
test_id_107	moderate
test_id_108	not depression
test_id_109	moderate
test_id_110	moderate
test_id_111	moderate
test_id_112	not depression
test_id_113	moderate
test_id_114	moderate
test_id_115	moderate
test_id_116	moderate
test_id_117	not depression
test_id_118	moderate
test_id_119	moderate
test_id_120	moderate
test_id_121	not depression
test_id_122	not depression
test_id_123	not depression
test_id_124	moderate
test_id_125	moderate
test_id_126	moderate
test_id_127	severe
test_id_128	moderate
test_id_129	not depression
test_id_130	not depression
test_id_131	moderate
test_id_132	moderate
test_id_133	not depression
test_id_134	moderate
test_id_135	not depression
test_id_136	not depression
test_id_137	moderate
test_id_138	moderate
test_id_139	not depression
test_id_140	not depression
test_id_141	not depression
test_id_142	severe
test_id_143	not depression
test_id_144	not depression
test_id_145	not depression
test_id_146	moderate
test_id_147	not depression
test_id_148	moderate
test_id_149	moderate
test_id_150	not depression
test_id_151	severe
test_id_152	moderate
test_id_153	moderate
test_id_154	not depression
test_id_155	moderate
test_id_156	not depression
test_id_157	not depression
test_id_158	moderate
test_id_159	not depression
test_id_160	not depression
test_id_161	moderate
test_id_162	moderate
test_id_163	moderate
test_id_164	not depression
test_id_165	not depression
test_id_166	not depression
test_id_167	moderate
test_id_168	moderate
test_id_169	not depression
test_id_170	moderate
test_id_171	moderate
test_id_172	not depression
test_id_173	moderate
test_id_174	not depression
test_id_175	moderate
test_id_176	moderate
test_id_177	moderate
test_id_178	not depression
test_id_179	moderate
test_id_180	moderate
test_id_181	moderate
test_id_182	not depression
test_id_183	not depression
test_id_184	severe
test_id_185	not depression
test_id_186	not depression
test_id_187	moderate
test_id_188	moderate
test_id_189	moderate
test_id_190	moderate
test_id_191	moderate
test_id_192	not depression
test_id_193	moderate
test_id_194	moderate
test_id_195	moderate
test_id_196	not depression
test_id_197	not depression
test_id_198	moderate
test_id_199	moderate
test_id_200	moderate
test_id_201	moderate
test_id_202	moderate
test_id_203	moderate
test_id_204	moderate
test_id_205	moderate
test_id_206	moderate
test_id_207	moderate
test_id_208	moderate
test_id_209	not depression
test_id_210	not depression
test_id_211	moderate
test_id_212	not depression
test_id_213	moderate
test_id_214	not depression
test_id_215	not depression
test_id_216	moderate
test_id_217	severe
test_id_218	moderate
test_id_219	moderate
test_id_220	moderate
test_id_221	not depression
test_id_222	not depression
test_id_223	moderate
test_id_224	not depression
test_id_225	severe
test_id_226	moderate
test_id_227	not depression
test_id_228	moderate
test_id_229	not depression
test_id_230	moderate
test_id_231	moderate
test_id_232	not depression
test_id_233	moderate
test_id_234	moderate
test_id_235	moderate
test_id_236	moderate
test_id_237	moderate
test_id_238	moderate
test_id_239	moderate
test_id_240	severe
test_id_241	severe
test_id_242	moderate
test_id_243	moderate
test_id_244	not depression
test_id_245	not depression
test_id_246	not depression
test_id_247	moderate
test_id_248	moderate
test_id_249	moderate
test_id_250	not depression
test_id_251	moderate
test_id_252	moderate
test_id_253	not depression
test_id_254	moderate
test_id_255	not depression
test_id_256	moderate
test_id_257	moderate
test_id_258	not depression
test_id_259	moderate
test_id_260	not depression
test_id_261	moderate
test_id_262	not depression
test_id_263	not depression
test_id_264	moderate
test_id_265	moderate
test_id_266	moderate
test_id_267	moderate
test_id_268	not depression
test_id_269	not depression
test_id_270	not depression
test_id_271	not depression
test_id_272	not depression
test_id_273	moderate
test_id_274	moderate
test_id_275	not depression
test_id_276	moderate
test_id_277	moderate
test_id_278	not depression
test_id_279	moderate
test_id_280	moderate
test_id_281	not depression
test_id_282	moderate
test_id_283	moderate
test_id_284	moderate
test_id_285	moderate
test_id_286	moderate
test_id_287	not depression
test_id_288	moderate
test_id_289	moderate
test_id_290	not depression
test_id_291	moderate
test_id_292	moderate
test_id_293	not depression
test_id_294	severe
test_id_295	not depression
test_id_296	not depression
test_id_297	severe
test_id_298	moderate
test_id_299	moderate
test_id_300	not depression
test_id_301	moderate
test_id_302	moderate
test_id_303	not depression
test_id_304	moderate
test_id_305	moderate
test_id_306	not depression
test_id_307	severe
test_id_308	not depression
test_id_309	not depression
test_id_310	moderate
test_id_311	not depression
test_id_312	moderate
test_id_313	moderate
test_id_314	not depression
test_id_315	moderate
test_id_316	moderate
test_id_317	moderate
test_id_318	moderate
test_id_319	moderate
test_id_320	moderate
test_id_321	moderate
test_id_322	not depression
test_id_323	not depression
test_id_324	moderate
test_id_325	moderate
test_id_326	not depression
test_id_327	not depression
test_id_328	moderate
test_id_329	not depression
test_id_330	moderate
test_id_331	moderate
test_id_332	moderate
test_id_333	moderate
test_id_334	not depression
test_id_335	not depression
test_id_336	not depression
test_id_337	not depression
test_id_338	moderate
test_id_339	not depression
test_id_340	moderate
test_id_341	not depression
test_id_342	moderate
test_id_343	moderate
test_id_344	moderate
test_id_345	not depression
test_id_346	moderate
test_id_347	not depression
test_id_348	not depression
test_id_349	moderate
test_id_350	moderate
test_id_351	not depression
test_id_352	not depression
test_id_353	not depression
test_id_354	moderate
test_id_355	not depression
test_id_356	moderate
test_id_357	moderate
test_id_358	moderate
test_id_359	moderate
test_id_360	not depression
test_id_361	not depression
test_id_362	moderate
test_id_363	moderate
test_id_364	not depression
test_id_365	moderate
test_id_366	not depression
test_id_367	not depression
test_id_368	moderate
test_id_369	moderate
test_id_370	severe
test_id_371	not depression
test_id_372	moderate
test_id_373	moderate
test_id_374	moderate
test_id_375	not depression
test_id_376	not depression
test_id_377	not depression
test_id_378	moderate
test_id_379	moderate
test_id_380	not depression
test_id_381	not depression
test_id_382	moderate
test_id_383	not depression
test_id_384	not depression
test_id_385	not depression
test_id_386	not depression
test_id_387	not depression
test_id_388	moderate
test_id_389	moderate
test_id_390	moderate
test_id_391	not depression
test_id_392	not depression
test_id_393	not depression
test_id_394	not depression
test_id_395	not depression
test_id_396	not depression
test_id_397	not depression
test_id_398	not depression
test_id_399	severe
test_id_400	moderate
test_id_401	moderate
test_id_402	not depression
test_id_403	moderate
test_id_404	not depression
test_id_405	not depression
test_id_406	not depression
test_id_407	moderate
test_id_408	moderate
test_id_409	moderate
test_id_410	moderate
test_id_411	moderate
test_id_412	not depression
test_id_413	moderate
test_id_414	moderate
test_id_415	severe
test_id_416	moderate
test_id_417	not depression
test_id_418	not depression
test_id_419	moderate
test_id_420	not depression
test_id_421	moderate
test_id_422	not depression
test_id_423	not depression
test_id_424	severe
test_id_425	moderate
test_id_426	not depression
test_id_427	moderate
test_id_428	not depression
test_id_429	moderate
test_id_430	moderate
test_id_431	moderate
test_id_432	moderate
test_id_433	not depression
test_id_434	not depression
test_id_435	moderate
test_id_436	moderate
test_id_437	moderate
test_id_438	moderate
test_id_439	not depression
test_id_440	severe
test_id_441	moderate
test_id_442	moderate
test_id_443	moderate
test_id_444	not depression
test_id_445	moderate
test_id_446	moderate
test_id_447	moderate
test_id_448	moderate
test_id_449	moderate
test_id_450	not depression
test_id_451	severe
test_id_452	moderate
test_id_453	moderate
test_id_454	not depression
test_id_455	moderate
test_id_456	moderate
test_id_457	moderate
test_id_458	moderate
test_id_459	not depression
test_id_460	not depression
test_id_461	not depression
test_id_462	not depression
test_id_463	moderate
test_id_464	moderate
test_id_465	moderate
test_id_466	not depression
test_id_467	not depression
test_id_468	moderate
test_id_469	not depression
test_id_470	not depression
test_id_471	severe
test_id_472	moderate
test_id_473	moderate
test_id_474	moderate
test_id_475	not depression
test_id_476	moderate
test_id_477	not depression
test_id_478	not depression
test_id_479	moderate
test_id_480	severe
test_id_481	not depression
test_id_482	not depression
test_id_483	moderate
test_id_484	not depression
test_id_485	moderate
test_id_486	not depression
test_id_487	moderate
test_id_488	not depression
test_id_489	moderate
test_id_490	severe
test_id_491	not depression
test_id_492	moderate
test_id_493	not depression
test_id_494	moderate
test_id_495	moderate
test_id_496	not depression
test_id_497	moderate
test_id_498	moderate
test_id_499	moderate
